id,email,password,handle
1,hthews0@wix.com,3oxQuz,rkamiyama0
2,hplank1@multiply.com,WVuwLH,hmarns1
3,sdavidov2@guardian.co.uk,sUsLfzex,rcrosseland2
4,msercombe3@xing.com,CxwvlQktNC,daupol3
5,lmcmichael4@cyberchimps.com,5YwMTLV8h29a,nescale4
6,odawney5@wordpress.com,KHKkW6,tsellstrom5
7,pclarycott6@blogspot.com,O44qwhqpDdW,sacom6
8,ssammut7@blog.com,Sa5zkJ9eT,eallcorn7
9,thinrichsen8@blog.com,a9eQxb,iwisniewski8
10,theinke9@discuz.net,gisVEhlUI,jroundtree9
11,ojagielaa@huffingtonpost.com,KMlfb3n,jtroyesa
12,iconleyb@fema.gov,G5pqD3,gsarverb
13,hderyebarrettc@shareasale.com,VwsBbT,medmeadsc
14,jcutcliffed@theguardian.com,eZhfCn,aplaidd
15,oaguirrezabalae@etsy.com,mjpXCkyW,mmcbeithe
16,jdjurdjevicf@hugedomains.com,vOY1U0HM,djudgkinsf
17,jlaceg@prlog.org,30mRUS1Crr,tnarupg
18,alusheyh@eepurl.com,C7TMqZfVJ,bwhaleyh
19,lharsnepi@uol.com.br,OjSeVESD9e7,cwalheddi
20,aanslowj@google.ca,WHINRJe,lstalfj
21,ofreschinik@latimes.com,aJBlYNx,nkrammerk
22,hnuthl@illinois.edu,IBZzBIzg6hg,kscarffel
23,gdaneluttim@pen.io,Rc9BR3dCuYP,gdemangeonm
24,cingren@163.com,cwWczq,ctruinn
25,bvileso@csmonitor.com,g8JB3z61,mlateko
26,ptallowp@taobao.com,FuvVlO5mnOwq,bjosupeitp
27,gchippindaleq@va.gov,JI0HqImj9Vd,acarnihanq
28,clippiettr@zimbio.com,T8RGbvp9lUa,pbertrandr
29,cclems@virginia.edu,ENhs4LerkLx0,cdranes
30,chounihant@whitehouse.gov,NOhWvV,egryglewskit
31,mmartinovicu@github.io,rSm1zmQm,eoxleyu
32,iharmantv@cbsnews.com,RLob5Ua4A,bilyinskiv
33,chenriquetw@bloglines.com,HNYyK3l,dshirew
34,lshewsmithx@nydailynews.com,hjPk26lAalv,reversfieldx
35,cbartoliy@cmu.edu,owjnDd,mcostelloy
36,idymidowiczz@google.nl,rHrgRvk,eebbingsz
37,bboltwood10@xing.com,JhCtpn,sthoms10
38,bcalfe11@geocities.com,S11jdGG4Lf4,raasaf11
39,jburthom12@reuters.com,LkQm36ozWX,sminors12
40,sedland13@mapy.cz,Kh1fYWe,pallix13
41,whalston14@who.int,vdKhFvEZF3,msnowden14
42,enorthrop15@de.vu,gsViz7FeJiNE,aelsmore15
43,lbalcombe16@mysql.com,3VcoR4iA82,sbriar16
44,skenvin17@woothemes.com,XUNFXdDJ21,ijouanet17
45,gscrigmour18@businesswire.com,GM01zbMCET9O,hmephan18
46,pjakobsson19@hatena.ne.jp,9lQ7RjcaxcC,dwrightham19
47,jshorte1a@acquirethisname.com,RNiVKhsg1WhH,sjinks1a
48,ngibb1b@so-net.ne.jp,91rGfs,smasedon1b
49,vgracewood1c@economist.com,V9XJtip,jbroad1c
50,sspincke1d@theglobeandmail.com,var593AyfM,mconstantine1d
51,abellfield1e@so-net.ne.jp,Z6og7Sj3g,hfurmedge1e
52,fvankin1f@bloglines.com,oLnlwsawfs,gmcmillian1f
53,rquestier1g@constantcontact.com,L7HCGB1J1S,okmietsch1g
54,dbrodest1h@deliciousdays.com,nkJLxGe8M,hcutsforth1h
55,dwhye1i@delicious.com,tRNofJJ,jaggs1i
56,kvizor1j@usgs.gov,IateOnH8am,nhampson1j
57,dpoulett1k@issuu.com,4bbggdhB,smiddler1k
58,dgreeves1l@amazon.co.jp,TMgqoQjCq5j,lschettini1l
59,mperulli1m@ft.com,E4qUev8,cbowes1m
60,cscarisbrick1n@jigsy.com,54y4hl2Q,ddamper1n
61,erenac1o@artisteer.com,7XnmQe4,aseckington1o
62,varmsby1p@dell.com,92NqNN87,qribeiro1p
63,tmathiasen1q@buzzfeed.com,mXpmGn,sdow1q
64,lscrivenor1r@ft.com,rAOk2fuNNGL,mlydster1r
65,aearengey1s@tiny.cc,B8jMLUwX,ualleway1s
66,ebridle1t@reuters.com,qJG9P2xrY,acuttle1t
67,jdarlaston1u@google.com.au,b6mrRESL97t,acockerill1u
68,aworshall1v@netlog.com,hz09Clxi,sphelips1v
69,ynevinson1w@disqus.com,OyeCaYAqog,lhammand1w
70,jstandeven1x@mail.ru,3CFhCxQs4,rfeldberger1x
71,cruslen1y@blogspot.com,TqAPtT3,flimbert1y
72,fmarmion1z@mac.com,obnhO3Gbs5wl,ssellers1z
73,sleftly20@eepurl.com,0YNKFL9wrY,gfraczkiewicz20
74,eekkel21@yelp.com,VrfCTcJ,ejeffry21
75,egeake22@google.cn,MYjz83,grossoni22
76,bscarce23@ocn.ne.jp,7Y0i9tQ5T,edurante23
77,wfearnside24@360.cn,KFgVOmK93,plevensky24
78,hdillingston25@freewebs.com,J1iKpz6NAve,aconahy25
79,jgrieveson26@lulu.com,cSnf46,hfritschmann26
80,alavin27@feedburner.com,HE7oElBTyKLI,dhartley27
81,loakland28@psu.edu,ijyko3Y4l,cmchirrie28
82,rbeardsall29@goodreads.com,3JektMcvdS,koldmeadow29
83,ddonat2a@earthlink.net,FAcnKL8fZVS,dambroix2a
84,nlidell2b@dmoz.org,fJqwyS3e5tZ,ceslemont2b
85,jbissill2c@deviantart.com,UNlmF75,bblondin2c
86,jmarryatt2d@va.gov,ar54sz8Z,awarre2d
87,yivatts2e@tinypic.com,aE3KhlIXt97,dalbrook2e
88,sgrigoletti2f@answers.com,k3HVwd8D,mpresnall2f
89,bflintoft2g@yale.edu,mpGKC5E,aspeller2g
90,jwhyard2h@bravesites.com,XNkq0M1yi,ktindall2h
91,jpatek2i@phpbb.com,cIsF1o,etrimnell2i
92,fhingeley2j@aboutads.info,Di2wB4mYjVW,chellicar2j
93,vrakes2k@mac.com,51PYui5,knelthorpe2k
94,lcroisdall2l@ebay.com,fG0H8Kj,dmckoy2l
95,wandreini2m@issuu.com,okT7BTZ9VlO9,rkybert2m
96,heve2n@utexas.edu,rltRjz72UOpI,blampitt2n
97,dpargetter2o@wired.com,7GhdmLRRV,kransome2o
98,swiz2p@eventbrite.com,LSKhMgWRjAKH,tigonet2p
99,jwhates2q@youku.com,IsbiEUTVr,gbinham2q
100,mbascomb2r@ning.com,yt4rp5TdWsRr,treynolds2r
101,rwallbridge2s@abc.net.au,s6hMFk0Y6iZf,kblackie2s
102,gkauschke2t@technorati.com,56rdJXFdKQl,rphilippou2t
103,cmelbourn2u@buzzfeed.com,VnoHlN0lDg9,fcausbey2u
104,gdelascy2v@army.mil,KdG3t4YiSX,sarons2v
105,wapthorpe2w@utexas.edu,EEck7Nv,hpachta2w
106,aaldwick2x@quantcast.com,nYfVwOJDo,rthorndycraft2x
107,cgoldspink2y@mail.ru,ysCoMoz,lbalmforth2y
108,mkaplin2z@go.com,yDXvQ8LNV,ffish2z
109,lmatyja30@blogtalkradio.com,Enz6T5lGP16,psercombe30
110,sfust31@gov.uk,nn14FS,cflavelle31
111,umcrobb32@shareasale.com,2hmRWQjHbQ,cmaccolgan32
112,sloffel33@infoseek.co.jp,bSRelknL,orobbeke33
113,fwoodier34@soundcloud.com,0h2cBGsWiY,lberfoot34
114,jbenallack35@google.it,JyzDYCoLj,mgreaterex35
115,lblakeslee36@trellian.com,uE2Lt7MHloU,vwethey36
116,hdunston37@feedburner.com,501rVGiCp,randino37
117,bsiggens38@bloglines.com,xydr9e,dchomicki38
118,agoodliff39@vinaora.com,pCjV2oi,jyetton39
119,awyatt3a@topsy.com,27Un5WHyBMS5,kpadefield3a
120,tfraanchyonok3b@skype.com,rX5aVeRSh,dbridgens3b
121,agreenacre3c@chron.com,FMKrvbM4wJHm,cstokes3c
122,amiles3d@1688.com,VArq4YBg9,epallatina3d
123,bfolbig3e@prweb.com,UbE9es,dtustin3e
124,byeld3f@yelp.com,06yPdCU0iyG,fbaruch3f
125,nsaenz3g@weebly.com,sIuBnoc3V,cluttgert3g
126,ibeal3h@google.com.au,Wr8Vid5pLjV,sawin3h
127,sbarlas3i@diigo.com,dgiPlKptsS,hbeckers3i
128,dravenshaw3j@newyorker.com,fkZCrU1tz8T,gsheryne3j
129,kprichard3k@hp.com,zOCdvo,lgreenhill3k
130,bmcgurk3l@altervista.org,XyY76R4md6uz,efomichkin3l
131,apotzold3m@sogou.com,Bw5IvrSzzp9L,hvarvara3m
132,jgiorgi3n@wikia.com,zRUc1kiWcEc,gstpierre3n
133,epaley3o@hao123.com,aDhoJmxBilMv,bvonnassau3o
134,awinear3p@plala.or.jp,soUJNlaAzUPH,nmankor3p
135,pbelchambers3q@cmu.edu,X6ogmSD,rdonahue3q
136,belce3r@globo.com,7LHnackfcGke,mguidelli3r
137,ojannequin3s@over-blog.com,05vqVP,uralphs3s
138,tbrewster3t@google.com.br,n2xtyu6B,ddaggett3t
139,jcutsforth3u@de.vu,v8rNxs,awatkins3u
140,sdunbar3v@sakura.ne.jp,AcsZlnHS,dpirouet3v
141,ariolfo3w@wordpress.org,rSXhQH,gjirak3w
142,cnoddings3x@linkedin.com,B6aPtw0VO4c,hkearsley3x
143,qpyecroft3y@mayoclinic.com,ah6USJB4x,rnutty3y
144,eburch3z@stanford.edu,E8iGxwWdbX,yconibere3z
145,awistance40@creativecommons.org,AiYvExh,bstringer40
146,lmadgwick41@bizjournals.com,h4pDxLC0,jfortman41
147,grushe42@uiuc.edu,WXc6pqT8b9NC,mbrislane42
148,jmaslen43@utexas.edu,GPnLDUNz75,gquick43
149,eabrahmer44@theatlantic.com,WnQhYlD,sfreathy44
150,rdonati45@earthlink.net,aiJYuktypqc,rwinspire45
151,mdorking46@hatena.ne.jp,8oe4P5qz,gconfait46
152,jbeckett47@list-manage.com,2O0PfMV,lchadwyck47
153,rbromehead48@spiegel.de,Es891ndtQj,rcaser48
154,pwoodfine49@wikipedia.org,I9U51553CJx,agradwell49
155,jsiemantel4a@squidoo.com,TmvgAftkeQy,yaguirre4a
156,lbrandt4b@japanpost.jp,mKsCh11,upennigar4b
157,erappport4c@domainmarket.com,63DSit4hLwwt,kwinston4c
158,rbreache4d@hubpages.com,e23c4oodpNvl,eragles4d
159,lherrieven4e@youku.com,7lSscl,hsenogles4e
160,cgainsbury4f@fc2.com,yt6nHc9,scorday4f
161,dputson4g@prweb.com,PMG6MZTcO8,yewebank4g
162,lwhates4h@tuttocitta.it,U6ejeciuvjiJ,eclausenthue4h
163,rducker4i@tinypic.com,sobOs7aZA8,rryam4i
164,ltrapp4j@skype.com,HXOKCp7,riskow4j
165,mhodgins4k@miitbeian.gov.cn,Ec9GIHNXS,thellyar4k
166,lesel4l@bizjournals.com,non7pzhB,pbencher4l
167,hketcher4m@nhs.uk,VtTV6a,kbernardes4m
168,cwildish4n@bandcamp.com,Iqzz2D,jhulmes4n
169,esex4o@cloudflare.com,KzUxxK,lfidgett4o
170,fpeatheyjohns4p@jimdo.com,gMQk27h,ugoudge4p
171,kboddymead4q@hatena.ne.jp,NspP1GpVl,ahandforth4q
172,ariche4r@prlog.org,PRjBz0LKbnP,fpogson4r
173,imahon4s@163.com,2hmYLv5s79,mkernoghan4s
174,ncahan4t@dailymail.co.uk,AQIBmjbG,kashmole4t
175,yivanin4u@ucla.edu,jovCpOWqNk,tadamiec4u
176,tmaidlow4v@rediff.com,3K1wgcsg,mbrownrigg4v
177,kamberg4w@dot.gov,7HbDXJljkM,kbartels4w
178,hleon4x@prlog.org,7kS0DSN,tbatte4x
179,vkeddy4y@scribd.com,B5ls1H7,jbooley4y
180,jtilson4z@fotki.com,9R979RO,mbernth4z
181,avischi50@domainmarket.com,rIBl1c6jOeA3,ctedstone50
182,hpicardo51@prnewswire.com,aBSKErCmCE4p,sknott51
183,sbeamish52@engadget.com,AcZ9AMa,rellcome52
184,hnormand53@ed.gov,9YyDl5,rcongreve53
185,btaffurelli54@histats.com,SjRu7Str4o,frutherforth54
186,ashimoni55@icq.com,T9M2F5,nfyfield55
187,ejerschke56@auda.org.au,VXO2MzVV,spettko56
188,tgrabham57@timesonline.co.uk,ABlvlMZk2Jq,fsedgmond57
189,amccambrois58@chicagotribune.com,6FKKpoc,kwloch58
190,rkeming59@lycos.com,Ru83tm2HIi,wgersam59
191,cjouandet5a@berkeley.edu,AqtN1feCw,rsiaspinski5a
192,rcuseck5b@earthlink.net,DNqyDBbI,hlawrence5b
193,mboc5c@instagram.com,7aLTGMHtTc,ghymas5c
194,mtackley5d@shinystat.com,uzWwhu4zA,dorris5d
195,mduckham5e@t-online.de,cqLhHatcyv,aeisikowitch5e
196,mcoley5f@com.com,hF2d1Tg9k8,ebidgod5f
197,tseear5g@answers.com,vEV4Hei,pduberry5g
198,ktolhurst5h@jigsy.com,W7odHU68I9e,efrewer5h
199,cfolliott5i@sciencedirect.com,4TqUzx3zl9g,pbartolijn5i
200,dpude5j@google.ca,QRalLw,lmapletoft5j
201,lcallow5k@salon.com,xZGuRE6Y,mnorth5k
202,ekless5l@goo.gl,DT9TOYrBMtn6,mfallowfield5l
203,aleinweber5m@guardian.co.uk,Tok90UL7KgJ,hlaing5m
204,cwrotchford5n@t.co,krCzhaEq,litzkowicz5n
205,lmalsher5o@barnesandnoble.com,UqSytnPJ5uIk,cblaszczynski5o
206,awillows5p@mozilla.com,2fJYaJB1T,bhammon5p
207,jchrichton5q@amazonaws.com,hbZTBt58YH8T,rpicknett5q
208,fmarlin5r@mozilla.com,c2yMOa,eberridge5r
209,cwatt5s@howstuffworks.com,ewSXb38WurW,hpowney5s
210,roconcannon5t@mozilla.com,UKTkwnCH5Rx,zhuckleby5t
211,fhockey5u@prlog.org,zTvvGLNiL,wewbanche5u
212,sambrogi5v@fotki.com,ROaT99g,cblevin5v
213,jtwidle5w@pen.io,6QJFYz4VWaa,iminall5w
214,cklus5x@businessweek.com,MJeXPliF9S,cdelcastel5x
215,brapo5y@ask.com,XFpf9o6,athams5y
216,ugittus5z@usda.gov,iteEnc,crennox5z
217,bkettow60@mtv.com,pXvpDEe9xfyb,fodoireidh60
218,lgoligly61@theguardian.com,4bjmzFbpB,llanphere61
219,gguilliland62@go.com,4JuHjZ1s,adimbylow62
220,dlodwick63@wired.com,BBuo7d5,ebunworth63
221,vneilands64@pen.io,5zvN4NnvNM,aabell64
222,fnangle65@columbia.edu,EStApCXu4,alugsdin65
223,llatey66@ocn.ne.jp,iOvbNWMzAmk,jdusey66
224,eahmed67@harvard.edu,FeE0F99ulw,mdoige67
225,fcasetta68@hexun.com,pMB6CMDmqw,abarter68
226,ppriel69@seattletimes.com,0OlpOZ,hgardiner69
227,nrouzet6a@google.com.au,7pSPTs,aparlet6a
228,calthorp6b@spotify.com,GI2T3IYW,dtire6b
229,bmarjoram6c@amazonaws.com,CH0r9Q76moe,xdiment6c
230,smarjoram6d@nbcnews.com,qUt5hq6O,bpurse6d
231,dferrey6e@ed.gov,DElzoaL4,ahacksby6e
232,fkleinsmuntz6f@shareasale.com,JGf2JY,lfeldstein6f
233,rsillick6g@prlog.org,7V9qwE,fpettitt6g
234,jpainter6h@hexun.com,8vdqAy,hcolthard6h
235,gmaureen6i@reddit.com,atZPdW0wx2f,ebicker6i
236,cguite6j@mysql.com,KLt3VT,sesgate6j
237,mheakey6k@admin.ch,6VZJCw,trenshall6k
238,mdoucette6l@liveinternet.ru,HLlVff6wq,edonald6l
239,msiviter6m@unesco.org,rEwffZk,ichasle6m
240,amcsharry6n@nifty.com,qAfzvN2,mhawket6n
241,icossington6o@twitpic.com,9n2crqm1w6uu,smarke6o
242,ooleszkiewicz6p@drupal.org,TkVDp2Wci7,hgrece6p
243,kandreucci6q@cpanel.net,2txI1L,vremer6q
244,eyarwood6r@utexas.edu,savmVD4u8es1,djiroutek6r
245,srudman6s@cpanel.net,85R4C9c,hcoraini6s
246,rlynam6t@freewebs.com,7SGlxKcL,apoulton6t
247,bgiacobelli6u@github.com,SvFr9zyqaJk,bchristin6u
248,slargent6v@pen.io,ce1knf48,dniave6v
249,sfreire6w@cnn.com,w0shAut,rmarquot6w
250,wturri6x@telegraph.co.uk,QcFRiwyTrT,cpolendine6x
251,amacbean6y@alibaba.com,TA3ighZ5WIYM,ncuredale6y
252,wrizzotto6z@cam.ac.uk,dH45t8Q,praddish6z
253,cbocock70@nifty.com,QjgZVUXq9j,tstobart70
254,hkaysor71@delicious.com,YMlB6sdWb3jr,mmckibbin71
255,sderks72@vimeo.com,HkfONAhv,palster72
256,mhellicar73@dell.com,d1lUAC,ckemish73
257,msampson74@csmonitor.com,9D5rSp,dstowell74
258,tbiagi75@list-manage.com,ljxWDpeP1w,siacobini75
259,efenkel76@cnbc.com,vWKRmXI,jlouch76
260,dlabrow77@statcounter.com,f5gole,vmcclaughlin77
261,krealph78@addthis.com,WiUeVScg84U6,kblint78
262,lpoinsett79@alexa.com,9TJKgtwLYD7,cpeidro79
263,pfenech7a@ucoz.ru,WqgbjuA5P,adearth7a
264,fbrauninger7b@chicagotribune.com,pTpViB,tbolin7b
265,edowbiggin7c@myspace.com,CI44wH,pvernazza7c
266,ajunifer7d@is.gd,OZeTOfk7Zks,rbentsen7d
267,wbaudts7e@omniture.com,TTdsbDEoCR,molorenshaw7e
268,tisakovic7f@a8.net,PoypPRsRbzB,mmenilove7f
269,rbasford7g@github.com,Hp9a9Wtn,eeggleson7g
270,fleetham7h@ocn.ne.jp,4HUzaXxY9mjE,kickovicz7h
271,lpetit7i@ebay.com,WPiMJdbMx,nbortoloni7i
272,dcockerell7j@nifty.com,42ULtRwD,tstarrs7j
273,bbroy7k@odnoklassniki.ru,PBeSLg,dteasdalemarkie7k
274,dsaladin7l@eepurl.com,xieK4Nwb,osparey7l
275,csefton7m@sourceforge.net,aFwXuiHm3,krelfe7m
276,hgoffe7n@opensource.org,YrlqO8ZiO0u,byanin7n
277,bcrackel7o@github.io,TW5OFZbK,wcowden7o
278,jfuentes7p@prnewswire.com,SMU18eHaj8p,rsanto7p
279,cmaylor7q@usgs.gov,j5NxzwP5G,mizzatt7q
280,tgrouer7r@weibo.com,ExGi7I,mlequesne7r
281,sskingle7s@joomla.org,ZXNYWXEJP,rlindemann7s
282,ecarpenter7t@homestead.com,0LXhZemiW,gsondland7t
283,wvarden7u@desdev.cn,VVcBmWb0NfEx,mcalf7u
284,cmattholie7v@nationalgeographic.com,BxiCvtqYUQ,cdigan7v
285,ameriton7w@mozilla.org,kaUFwYDctA,dfurmonger7w
286,lbassano7x@google.de,K2I7DehO,imaidstone7x
287,dhumby7y@state.gov,D5k8HorA,hkettow7y
288,wreye7z@ocn.ne.jp,xdTpU09BqBar,vpagon7z
289,vcottage80@sina.com.cn,PwqugrGo,cmariner80
290,lwillment81@hubpages.com,RaBLAc,btarbox81
291,kvockins82@dedecms.com,vQAtCUC8R,gflag82
292,spiller83@telegraph.co.uk,F5VskT,tjeffree83
293,rmager84@youtube.com,AK1Ic3VV,hhulburt84
294,ngenthner85@sfgate.com,wKfLielJht,aivanin85
295,rbouldstridge86@amazon.com,5QuUE0uM,slettice86
296,jpellissier87@deviantart.com,FbgJwZ5os0i3,dbrideaux87
297,aringsell88@msu.edu,PIPtDJ,masals88
298,spillington89@w3.org,wVE1wqYnn,dquartley89
299,tvitet8a@narod.ru,UXq5m853s,gwooff8a
300,dtreweke8b@vimeo.com,gdaMKvV0fYgh,nleer8b
301,gbeechcraft8c@loc.gov,aerCPeS8DR1,vparratt8c
302,fmackellen8d@reverbnation.com,tX5qHlbwD,lhowbrook8d
303,sdemangel8e@domainmarket.com,PnIQ6Nh,ttimmes8e
304,kradcliffe8f@buzzfeed.com,kVzblyTpul0,adicey8f
305,eandreotti8g@merriam-webster.com,eLuoGXPj,tdorning8g
306,mseif8h@cbslocal.com,19NGGGVUfvof,cmaylott8h
307,sprester8i@sina.com.cn,IFiaV4awq3,pbaldacchino8i
308,jfonquernie8j@gravatar.com,g9Q6w2D9Qk,vbrahan8j
309,elanglois8k@msn.com,G4BRkU7GCtz,sshearsby8k
310,hbuddle8l@mail.ru,cEoUHQ0OVk,alanfare8l
311,rtettley8m@ehow.com,zdooStJ0i,cpersian8m
312,etumielli8n@cornell.edu,oq7vMlczHh,mbenninck8n
313,jolochan8o@phpbb.com,BsEssImIR0X3,aeasum8o
314,tlorent8p@homestead.com,6Ln8Z3oDK,wmasse8p
315,cdark8q@harvard.edu,a5E8Owmasv5l,henticott8q
316,mgamwell8r@freewebs.com,llyPyu90,gjohansson8r
317,clittleover8s@statcounter.com,ZEZX3hllK,pconnett8s
318,cklossek8t@fotki.com,DyMbncOR,supston8t
319,gandrault8u@geocities.com,KDLJbI4Z,tduffrie8u
320,creddihough8v@paypal.com,W7386p,cbelfitt8v
321,avasyutin8w@devhub.com,388hZuQdn,rrenvoise8w
322,mlaytham8x@clickbank.net,4tC3hhx2HE5,cramalhete8x
323,tkrol8y@psu.edu,VXb8WV,vprobyn8y
324,lmoakler8z@sakura.ne.jp,fMzWeC,locurrigan8z
325,gwilsher90@ox.ac.uk,p26pTTF,rrubinsohn90
326,ldowns91@dailymotion.com,bt92T0K,asmoote91
327,denderson92@opera.com,1jNqTwmsB6,ablackborne92
328,ioboy93@github.io,DemAimuGJz,sdradey93
329,lredihalgh94@fc2.com,f8j77zbTJ,qmaciver94
330,ydibartolomeo95@imageshack.us,w0jvKnF,jdearden95
331,jbondley96@delicious.com,O61GeNHFepc6,vcove96
332,lhaskell97@deliciousdays.com,bqlHsx4jxo3,sceillier97
333,adauney98@storify.com,LIWJoiu,psaich98
334,jverman99@cbsnews.com,AE4UBQ,mhartlebury99
335,bgayter9a@nba.com,cq965fy15,ctorre9a
336,bosharry9b@free.fr,cDOWQaCzmLK,ghaquin9b
337,acinavas9c@blogs.com,dUkN51,bdench9c
338,mmay9d@state.gov,Hcfffp228I,tbridle9d
339,lmacginley9e@vk.com,KtGPOHkdwzdF,kkanzler9e
340,rfyndon9f@w3.org,0fZo9GZ4HEX,dternent9f
341,clyne9g@cbsnews.com,wnhmnem,hbaynon9g
342,tjoutapavicius9h@msn.com,hZJu7yB,ereoch9h
343,ogoncalo9i@nih.gov,4osvs1zvGi6,lhapke9i
344,abisson9j@multiply.com,rYlXGNLrevY,laldwick9j
345,btrusler9k@soundcloud.com,fyKCkfcG,cderry9k
346,hhales9l@webeden.co.uk,ogpjVE,osleit9l
347,vgoly9m@globo.com,hpH8PyBUiu3,ahaverty9m
348,aoduane9n@stumbleupon.com,heB3uK,rtitlow9n
349,mclaige9o@amazon.co.jp,kjxfVqFsi5h,nvials9o
350,fcoldbreath9p@php.net,yjt3ed,cwarde9p
351,cgoldsberry9q@dedecms.com,70rq7SvvjL,abenois9q
352,agedney9r@wikimedia.org,hb3kn6Ty24qV,phellcat9r
353,ltweed9s@blog.com,940RqxA3N,ooffell9s
354,imeers9t@phpbb.com,VySVdT1,cdavers9t
355,rbaglow9u@twitpic.com,1OzfLZNxIieE,amildenhall9u
356,amcgraw9v@jimdo.com,DS9N8sU,bfolder9v
357,kvanyatin9w@ca.gov,xfxVAbi3J,acoltart9w
358,epostill9x@w3.org,nmgwtxHsZT,dcullity9x
359,ellopis9y@amazon.de,GEWns1HL,cdable9y
360,jmothersole9z@netvibes.com,alhl3UefZ,dlestrange9z
361,dbythella0@china.com.cn,0wMtNqBCuN,rbezemera0
362,mlashleya1@cpanel.net,0J67Z6Jy,mdonahoa1
363,pscasea2@ask.com,1xTQXuZMq,yturevillea2
364,jjanuszewskia3@disqus.com,FDyr8ZlWKyo,ecartmella3
365,srockalla4@exblog.jp,6yLapovT,cvinta4
366,sbrumfielda5@posterous.com,zJ4HKO,gbrecknalla5
367,ganteckia6@scientificamerican.com,WwDgL5pl,ptwoohya6
368,mdominicka7@furl.net,hyTy69na8TuR,ahalpena7
369,sconkiea8@slashdot.org,ITpEHiZC5,bfrieda8
370,pwidgera9@blinklist.com,NBLxCeeC,ekaila9
371,fstrahanaa@eepurl.com,mEzIco3,lmacgaffeyaa
372,kcolledgeab@ebay.co.uk,VcOg4QhSQ,bbotwoodab
373,cgelsthorpeac@cbsnews.com,jrFwOZhqXzsU,ltyrwhittac
374,lgraysmarkad@hexun.com,ClC4x504k2QG,tstrelitzerad
375,ddennistounae@ucla.edu,RtW1v9A,adowersae
376,fannearaf@dion.ne.jp,RdYvRWOum2Ml,eogarmenaf
377,kharnottag@tumblr.com,Bf9kvCGLkPQy,mkapiloffag
378,kniessenah@scientificamerican.com,3TLCoqQJi,mmustoah
379,nroelofsai@bloglines.com,ZKa2GKcQH,cblackmoorai
380,cferraronaj@wikimedia.org,YxQEne7b1,klaudhamaj
381,etorpieak@wikia.com,EpVvIxd06nxz,gambresinak
382,gneenanal@flickr.com,hgV9zCnvfmk,ftripneyal
383,hpinockam@homestead.com,K5u9dD9A,edonneram
384,akasperskian@ameblo.jp,b5kvCQi4,umuehleran
385,creochao@intel.com,5QKA2Dw9f,gmosconeao
386,bclareyap@sciencedirect.com,Kg2aPYltRiyy,hmanterfieldap
387,blavinaq@cdc.gov,OBYIpxDhk4,doaklyaq
388,ceadmeadsar@godaddy.com,YpOiD047YOuq,ckilshawar
389,bgerrietzas@upenn.edu,GUZSTfd,gstanyeras
390,cdibiaggiat@microsoft.com,Wx7Qd3,dkendallat
391,betchellau@apache.org,AL3gbFNEsy,karnowau
392,hmitkovav@cisco.com,TuP8y41,amouattav
393,gaingeraw@ox.ac.uk,4K3q42iEo,bkayesaw
394,dfebvreax@xinhuanet.com,R934a69f5,cjosowitzax
395,rruffellay@slate.com,SdyLG7xfrFUS,lbairnsfatheray
396,eduffettaz@blogger.com,jFp63pAGr,ygauvinaz
397,lmalterb0@t-online.de,xf5Xq5,iscutterb0
398,lgoodacreb1@ebay.co.uk,CC7ntqBsV3YC,bdelhayb1
399,pcorranb2@tuttocitta.it,oa8oGW0HhdJ,jvenableb2
400,nyerrallb3@bbc.co.uk,8rz9M8pZlbC,sreingerb3
401,bcobonb4@imdb.com,vVdS9qZGFFFm,agraserb4
402,lkabosb5@acquirethisname.com,ascubbTLMr8,bjeandinb5
403,tfromontb6@moonfruit.com,4vv0sYgil6IM,slateyb6
404,jvynardeb7@pbs.org,Wg2Mhb,wlangtryb7
405,dhonischb8@cnbc.com,iUxdzZ,sbuyeb8
406,djuckesb9@drupal.org,aRBax4Ud,sbutenb9
407,dsprionghallba@nyu.edu,0Uhv25Vh,jmartinyukba
408,naseybb@devhub.com,bU1FxB,wgillesonbb
409,coxburghbc@princeton.edu,3Cdc2zPXP,mwhacketbc
410,lgailbd@cargocollective.com,yYdBQ5sg,dewensonbd
411,ttwittybe@wufoo.com,StHyTVKxFl3v,rtoyebe
412,ecochranbf@i2i.jp,04ueu13,mabraminbf
413,mclemensenbg@drupal.org,UZduv7xp6,krevansbg
414,jkornasbh@last.fm,6Apwvub1m,emagnaybh
415,kleybandbi@amazonaws.com,Mky9VRXZ,afoundsbi
416,lsnowlingbj@163.com,3nEoRRWasH,stwiddellbj
417,bsholembk@washingtonpost.com,Cjqfv1MtfM,cwernerbk
418,parmingerbl@google.com.au,cYN9iD,rgethenbl
419,bclethrobm@github.io,cqMMP2bkv8n,beadiebm
420,hcastbn@geocities.jp,hFMj2W,karmitagebn
421,sbernholtbo@npr.org,Im4z0Y,lloomisbo
422,lcasierbp@theatlantic.com,gaEawrD,edonatibp
423,fbraynebq@earthlink.net,3DbOoI5bcybw,dgorussobq
424,pwoolstonbr@comsenz.com,sulAE25iJM,cdunseathbr
425,ebugbirdbs@abc.net.au,kmQ4Fbx,kdebruijnbs
426,gloderbt@netvibes.com,fQBngh,cmillicanbt
427,vouverbu@skype.com,15bTZe,hliddellbu
428,zgosenellbv@vk.com,BqLbjlH,nsauntonbv
429,ipigdonbw@biblegateway.com,XOk952L,afisbeybw
430,egerrensbx@over-blog.com,VPjZPFWlCIu,rpaolinobx
431,lgravyby@example.com,4tOspN2zwg,nbendellby
432,ssmothbz@jigsy.com,C3G2u1I15O6,akarlikbz
433,selmarc0@reverbnation.com,icn8Zqyb,mloxstonc0
434,bnormansellc1@adobe.com,Ln8MuO,kboycottc1
435,mhumesc2@prweb.com,CBVwessUvL,ztidgewellc2
436,jphilipotc3@eventbrite.com,GrmXiGOp57U,jhanabyc3
437,lcorckc4@php.net,rZrOu2Stl50,aphelipc4
438,ewhitcombec5@nbcnews.com,ldAsSOZmMR,ldelcastelc5
439,fmcalpinec6@amazon.co.jp,YGDWxeTieYu3,deglingtonc6
440,jduplanc7@instagram.com,pN7Ja42c6wNV,jimmc7
441,jgerransc8@instagram.com,q7v7k3uaiS,mpetofic8
442,lwoosnamc9@cbc.ca,mp3BjHCUC5cw,fcapronc9
443,mmuscroftca@timesonline.co.uk,xg4TaGWkMS,fjohananovca
444,sgrentcb@skyrock.com,ywG1TFm5P5,dcransoncb
445,mklimkocc@theguardian.com,vQ2h4A2g,aheffordecc
446,jpharrowcd@etsy.com,lWuOsPkrxHD,gellencd
447,rduthiece@europa.eu,SB8aDpCrIoi,byexleyce
448,mnugentcf@hatena.ne.jp,2bgRQLaHQP,caseefcf
449,cyeskincg@ft.com,yGO1mKYUMP,afarmercg
450,gtrenowethch@diigo.com,pkq7mGy5,kaultch
451,rlapthorneci@apache.org,zARWMaiqS,fgentilci
452,lellscj@technorati.com,9SjwFqrBYYie,yblasikcj
453,lcardiffck@sfgate.com,7sFaWs767t3U,glefeuvreck
454,gjaquescl@ning.com,kb7hpFTdw,maushercl
455,pcostelowcm@booking.com,g3ZeNW,jbriknercm
456,evannoortcn@howstuffworks.com,zn84RXO6xRq,bmunseycn
457,jmarjoramco@opera.com,a9Ff3pf5jp,bknightsbridgeco
458,sboicecp@abc.net.au,UF0YIIxw,bcominscp
459,lbirdcq@addtoany.com,ro0Geeo,fgreenleycq
460,ppaylecr@blog.com,HJlQXnHK3,amcivorcr
461,ckitchercs@nhs.uk,swq9WLOMhPm,gmingayecs
462,pwoodesonct@pagesperso-orange.fr,WAu1oP2o2V,hkneeshact
463,lbruncu@addtoany.com,VHVER7X44R,lheaffeycu
464,adanforthcv@xing.com,t4yVUQo,slelievrecv
465,sgibbincw@umich.edu,edgIsfY5EV,hfronkscw
466,tbrissoncx@engadget.com,PwsYWOC16J8Y,ocoastcx
467,pstockfordcy@washington.edu,iD4zqfUbHO3j,gmacanecy
468,gkasparskicz@domainmarket.com,KKq9M1qbkMl,ghalmcz
469,ecarvelld0@amazon.com,yVq0neANIr,rkwietakd0
470,ssimonettd1@gnu.org,bGyrmiJ7L,oarentd1
471,tbaloghd2@jugem.jp,RD5FfK8p5,wmcclevertyd2
472,astandishd3@goodreads.com,iCgO4G2,gocahilld3
473,sgirardonid4@sohu.com,zhj7IlV,tmoehled4
474,lgeerlingd5@blogger.com,eRJXW8fs01,adabbotdoyled5
475,krowlingd6@ustream.tv,esK3Fve6D,gthorneyworkd6
476,dgostyked7@last.fm,xtZ5bz,cvarfalameevd7
477,kspurlingd8@youtube.com,tGWjfyW4yL,lguyand8
478,tharrowayd9@free.fr,wMJx4ShkOM,cwisamd9
479,helsbyda@mashable.com,VzisYBT5A,fpidcockda
480,pburrassdb@seattletimes.com,xb0EHbycfPH,athorburndb
481,mbuttledc@miitbeian.gov.cn,47HTUSbXHImD,fmccartydc
482,bjendrassikdd@patch.com,fE6h8mhahV,gmcclurgdd
483,galtyde@biglobe.ne.jp,e07LIfNtwNn,mcardisde
484,sriccodf@newyorker.com,0aJexHVw5hDG,hkienledf
485,lwoolfalldg@mediafire.com,kpqomcogD,asylvesterdg
486,bhaldindh@samsung.com,xQKKAceuj2mn,vneevesdh
487,cnealanddi@ehow.com,ihI1GOBZ0n4,mhendonsondi
488,hbricketdj@scribd.com,OelF2w8iYS,wnollidj
489,rlongmaiddk@boston.com,m9vBJH,wlansleydk
490,rcoventrydl@hp.com,FGx2AH0Lh,rlegatedl
491,mswindondm@howstuffworks.com,4wlyCv7jZg,lrubinsaftdm
492,nfewingsdn@feedburner.com,QtNgH24a,gphillippdn
493,abeldomdo@delicious.com,bby8XfK,jdobsonsdo
494,numfreydp@amazon.de,pc79yNyHCEt,cwestondp
495,sharrydq@stumbleupon.com,yDvpdH,okilleendq
496,sdemalchardr@angelfire.com,8vaEQXlvVs4X,cbullinghamdr
497,dwhittleseeds@a8.net,dPljIxUDp,ohaggerstoneds
498,lristdt@home.pl,32aE8D2,mkennedydt
499,cbabardu@surveymonkey.com,BWfoDI,mmockerdu
500,slamasnadv@ycombinator.com,SPta0kDing,pwenningtondv
501,ioubridgedw@yelp.com,ThhbeLYC,ecroncheydw
502,jgrundledx@dailymotion.com,9IKzvw,ekleinhausdx
503,vdefontdy@europa.eu,A9akLT,vloxtondy
504,hgibbinsdz@google.pl,2NOFnUO7BU,mparysiakdz
505,efairholmee0@gizmodo.com,heSBCE,schillcote0
506,mdrowsfielde1@feedburner.com,H2xthK,pvaseye1
507,hswirese2@jiathis.com,UXwcw6G,mdecarolie2
508,jlargane3@yahoo.com,LObip4UH,slathwelle3
509,cmolloye4@si.edu,6NxrM5MU,lsaulle4
510,jgraberte5@deliciousdays.com,BtINlpt,micome5
511,imcvaughe6@loc.gov,FJV6ujYf,mrenneye6
512,solivarie7@deliciousdays.com,cO3B6b,gerbe7
513,ffraye8@elpais.com,kFyXxPQm,kgrzelczake8
514,ogrimwadee9@gmpg.org,NhiQz6oyVNuO,tledinghame9
515,lruggierea@unicef.org,KXKVHSvjqGY,seasterbrookea
516,tcampbelldunlopeb@sohu.com,v2K8D4SB,rgaythwaiteeb
517,rbissikerec@flickr.com,9sz3bWgRaT,dtrimec
518,adufrayed@shinystat.com,v2gcmkOHpq,scrosettoed
519,ddommettee@samsung.com,x0e7rx,yvannoortee
520,tkeppyef@mtv.com,y0q2YI,carbuckelef
521,hwilseyeg@slate.com,fLfWpwEm5Jm,amattersleyeg
522,dbonneteh@networkadvertising.org,fubUPpyv,bsarrelleh
523,lgooseei@miibeian.gov.cn,USPWUlIhG,etightei
524,ajanaudej@artisteer.com,umXcPkRb,charrowerej
525,ahoyesek@github.com,baIchBwf,gclubleyek
526,lnorthillel@list-manage.com,XCjFQca0diB,cstrakerel
527,rsertinem@bloglines.com,mA8U8ZG,garnaudiem
528,thullyen@meetup.com,WKaAv5Q4zxC,mriccioneen
529,ehallmarkeo@wp.com,HUI3Xnz9,gmerigoteo
530,nboscheep@bravesites.com,CwskUVLPj,esherbourneep
531,asaffilleq@craigslist.org,ycLqKrsEje,aallnereq
532,mdemogeoter@bigcartel.com,DIVtu0FLY,aeitterer
533,cmarrones@mapquest.com,qj6nsbJsW,myakhines
534,hsurgisonet@xing.com,vr8fCo,gpatkinet
535,mcahalaneu@sciencedaily.com,4Xvy3tOGw,dgallardoeu
536,cscutchinev@amazon.co.jp,KAingVS878,bkryszkieciczev
537,jslingsbyew@amazonaws.com,5MW4530EajEQ,cfellgateew
538,gantushevex@reuters.com,vbXJeMtHVfQG,lbloxholmex
539,fborkettey@twitpic.com,XqpdWAi,tfandrichey
540,rbellayez@t-online.de,Hq9lxZVdTk,khenrysonez
541,rcopinf0@sogou.com,9wrfui,asouthwoodf0
542,wmarwoodf1@comsenz.com,IxRYKhG5gvB,dmoffetf1
543,meyckelbeckf2@umich.edu,OhYfVErbn3hz,mdobbyf2
544,fparlattf3@guardian.co.uk,VbD0Gx,xbeddonf3
545,mbootlandf4@ucoz.ru,8VMMF8lIE,flevensf4
546,dgrixf5@sciencedaily.com,nFncUaJcJV,afabbf5
547,lavof6@oracle.com,Cf8fQXkJ3,lgasconef6
548,mcodyf7@amazon.de,ucQDZVjT,mscraneyf7
549,kmahoneyf8@ed.gov,zuicRnusjq0,vinfantinof8
550,rplumptref9@yale.edu,X9jW5sU,smacadamf9
551,ihonischfa@freewebs.com,JbUrTWP,egreschkefa
552,fpikettfb@printfriendly.com,XPtFcY61y8,fbarrackfb
553,rcockingfc@paginegialle.it,EATtE8,smccaullfc
554,mrudgerdfd@delicious.com,vX6QO1UZ,mvickerstafffd
555,gmixworthyfe@sogou.com,9P2R1Hs3Z,sengelmannfe
556,npauleitff@prweb.com,zrMsxuPE,hnelleff
557,sbruyetfg@de.vu,dL2WTzbGGkE,nfritzfg
558,yiacovozzofh@issuu.com,TAeZE1Y5tUD,hdowkerfh
559,dseintfi@4shared.com,pDnZasP1Fw,mburfordfi
560,cfeaksfj@wordpress.org,BC9tAUf6,dfilipiakfj
561,eguilliattfk@mtv.com,g21SwjvQ6p,spurveysfk
562,pklejnafl@shop-pro.jp,p3Q819H,amcfiefl
563,dbeedfm@unicef.org,wr5oqHLHCRC,twestfalenfm
564,hcastreefn@blogger.com,2D35d3,evittorefn
565,rtewelsonfo@paypal.com,1MMDItnb5wWN,joconnelfo
566,mbulbrookfp@accuweather.com,Ss1pLw,jcharettefp
567,cgoldsterfq@fastcompany.com,xwczg18o,rclemmowfq
568,mbroadwoodfr@goo.ne.jp,emoBoS,rleedfr
569,lfeckeyfs@archive.org,B59GiS,ddiackfs
570,fnaileft@altervista.org,x2AvV5k2gSs,svictorft
571,lfairfullfu@oakley.com,MM7vpqvDQC,cwillmorefu
572,kpaolettofv@blogger.com,eHTym2ncNIs,rmolefv
573,mjorgfw@jigsy.com,8EKJhMgohw,ehymanfw
574,kbanvillefx@dion.ne.jp,tx3gtP,rgensavagefx
575,cbuckleighfy@soundcloud.com,7WGwId,kspelsburyfy
576,cduckfieldfz@pcworld.com,QX1oyvpcbCNP,greijmersfz
577,lpaolozzig0@phpbb.com,dKmQWx8yABZ,rtuplingg0
578,asteptoweg1@google.cn,iQh1YrZ0hUkC,bchivertong1
579,cvanderkruig2@purevolume.com,xdeV7qYp,gbedissg2
580,ebeadlesg3@google.pl,AWlgF2XKje,cchallenerg3
581,skisarg4@scientificamerican.com,ofMGp9sIrEt4,hsafeg4
582,lsimang5@deliciousdays.com,FENihriZX1A,rtomashovg5
583,hcolbertg6@hugedomains.com,zCSSRnq,ljozefowiczg6
584,fhobdeng7@purevolume.com,kRaakK473F,cdunsmoreg7
585,ngribbinsg8@furl.net,UK3UPzSbQ0O,gwoolagerg8
586,kknipeg9@kickstarter.com,hIzsvT,jwensleyg9
587,lmilhenchga@tumblr.com,SQN0mpMjy64,jheibelga
588,dgheorghescugb@loc.gov,S6xhoWXL,hmarcamgb
589,rfawderygc@google.com.au,aA2f1xq,bchittemgc
590,gkobielagd@hao123.com,NkJh5lZu,mwrightamgd
591,tmacmenemyge@dion.ne.jp,l7Ob2TBismR,jantonognolige
592,hnortongf@github.com,TiFTw71l09iw,kmollenegf
593,fhalesworthgg@webeden.co.uk,cymV8Amophh,rfreckinghamgg
594,alewergh@nba.com,EShOdOf5BUTv,wgrzesgh
595,naltamiranogi@salon.com,TRlK1Pd5fM,ndobrovolskigi
596,egentricgj@google.ru,wYiAb1jxyi,roglegj
597,tgreevesgk@java.com,PfEhFeT9Lho,ynussiigk
598,dthrashergl@bravesites.com,ey2kFMaKhtW,tcancellergl
599,gslatfordgm@aol.com,ZuAds2,qdrysdellgm
600,othickensgn@elegantthemes.com,PGSW4lb4w,rmcgrielegn
601,jdelgadillogo@theguardian.com,gEr2KOI9,gwintourgo
602,snolletgp@telegraph.co.uk,hcUXwJ5uX,ehammersleygp
603,gcleughgq@hc360.com,zI3vGl,aklimowskigq
604,aenburygr@soup.io,us65USuDoiI,mabelegr
605,slehrergs@w3.org,KeVQHhs,kluceygs
606,cogilvygt@miibeian.gov.cn,nnQcSlrGM,lswinfengt
607,tbaldelligu@taobao.com,80ED8tfWb,kwhitakergu
608,bvasilovgv@so-net.ne.jp,brFA5l,cminkingv
609,sallnergw@mlb.com,AacEFwu,bsparsholtgw
610,vmacinnesgx@hp.com,sBqoO3e,pprangnellgx
611,ckieldgy@vistaprint.com,s41cZO,chedgegy
612,fkeymergz@accuweather.com,DsNizEEuHsi3,searneygz
613,gpepysh0@ebay.com,jMmG9n,adeneh0
614,cmerrisonh1@yahoo.com,gg26YXUP2T9,cmcillrickh1
615,vcorringtonh2@acquirethisname.com,65rLqE,hbrozh2
616,gcapronh3@noaa.gov,I9IVGst,djollyh3
617,tabbysh4@earthlink.net,ICRZniGYdP,tkocheh4
618,lkayserh5@squarespace.com,ULQ2Il56,tcolbridgeh5
619,mleerh6@aol.com,Wdwh4r,cpickoverh6
620,csilkh7@washington.edu,M6YQuMmlbwgr,sducarneh7
621,dentreish8@spotify.com,kIkKv27h,rhorrodh8
622,alengh9@livejournal.com,J1swZOvE6WBO,rbrislandh9
623,esellha@princeton.edu,zBndDQ5ElS,vdonneha
624,hdiverhb@seesaa.net,tBTLvmQ,ggooderedhb
625,ethresherhc@wordpress.org,nlImGF1jpx,bhanselmannhc
626,bheershd@globo.com,4IVGUd8,tcardenosohd
627,movendenhe@51.la,pHRufkBhevH,kasburyhe
628,mreiglarhf@naver.com,C2qu7R7,gmarchihf
629,bwatkisshg@360.cn,eGr5ltzwc,bgrubbhg
630,bmeneurhh@purevolume.com,jSC1rRES,csutlieffhh
631,kworshamhi@com.com,Xba5sU,swiffenhi
632,mwoolbrookhj@vimeo.com,9sp8v5Z,smuriehj
633,tternhk@msu.edu,BbyP9t,aattestonehk
634,ncrolehl@ibm.com,8LaiagEZ0n9,crenehanhl
635,tbaddowhm@yahoo.co.jp,WSzWdjiq,hriochhm
636,wgoodreadhn@livejournal.com,EQhEiT30k,ngatherellhn
637,bprobynho@pinterest.com,DuLGBXAB8U0,mharrellho
638,kjansahp@yelp.com,P4FyMGYm,froddickhp
639,dsanderhq@mayoclinic.com,345LKfZ,jdunckleyhq
640,claweleshr@prnewswire.com,yOPNvu,umatherhr
641,egoodingshs@icq.com,jouT4V66bFMg,vommundsenhs
642,gludlomht@wisc.edu,oldhjt,msinisburyht
643,btrunbyhu@phpbb.com,lUEMEq0i,nglencroshu
644,rtrosdallhv@meetup.com,umdKT8S,bgillebridehv
645,cwinchurchhw@thetimes.co.uk,qT8tvY77,bmanilovehw
646,agebhardhx@scientificamerican.com,imy6FHXH,mbrutehx
647,apietrowiczhy@umich.edu,r2riUKe,mtiddemanhy
648,dcotteehz@webs.com,nc9n03lRbpnm,gbriggshz
649,acumberlidgei0@newyorker.com,C5wohG,sbartaki0
650,bmccoyi1@paypal.com,bJhdMN,iwarhami1
651,ybruhkei2@nps.gov,N01cQY9,ewhistancei2
652,mpleati3@uiuc.edu,nufslUQc2A,lcaudelli3
653,caxcelli4@ihg.com,2uGeepwZ,akoeppkei4
654,dgrishenkovi5@hao123.com,SDzIoCY1K,masleti5
655,spitneyi6@cargocollective.com,OuLkf64assk,skingcotti6
656,nmckeatingi7@behance.net,Fjub9fy1h,fshipcotti7
657,mmccoughani8@narod.ru,0cMEQQxFlgZ9,drontreei8
658,bslatefordi9@census.gov,tGXRaN6h6Mvw,vtaceyi9
659,sgiraudeauia@cbsnews.com,zoXPrY5LX,cdowdallia
660,lboweringib@si.edu,O2AwEV6AdAh,rsegraveib
661,akopmannic@youtu.be,XFCjLv,bdjorevicic
662,anucciid@themeforest.net,S1yNohWYffjJ,acapstickid
663,poseltonie@stanford.edu,zEq0nAsTwc,ghartupie
664,ibrislandif@blinklist.com,G0kUFfRQL,lyashaevif
665,wpetticrewig@trellian.com,6UZ6BNOagaF,sbertomeuig
666,ctuckeyih@zdnet.com,YnaMq1zg0M,vlafoyih
667,gmcmenamieii@earthlink.net,GprCvxtmt4,cshipseyii
668,jkobuij@opera.com,FWy7YYanfUu,aellij
669,ldebruijnik@infoseek.co.jp,IRX5kPXU0,tlabbik
670,ocasesil@bigcartel.com,5xsifo0vedq,abouldenil
671,fstorerim@goo.ne.jp,ygNIFrkx4fO,gmiddlewickim
672,mwollenin@msu.edu,XaoDMdntL,ejansonin
673,ccolbronio@godaddy.com,IlDgAQQpJ,acaldowio
674,lambrosiip@admin.ch,Y02PE3q8A,moshaughnessyip
675,jtarbardiq@ca.gov,YZMg01D,gdudneyiq
676,hdrabbleir@home.pl,0nWs7W6FVjt,ltothir
677,mspinolais@fema.gov,tSxqAMothxQ5,rmcilreavyis
678,konionsit@purevolume.com,wq9076,kshorteit
679,mganningiu@dyndns.org,GZCCSYywemz,cdyballiu
680,rkintoniv@umn.edu,4QYN7VCsdLBz,cmainlandiv
681,twaghorneiw@yelp.com,kxAVSk,spadleyiw
682,eruggierix@instagram.com,CI3L8BvL8G,omurrayix
683,kannetsiy@auda.org.au,sDudQS25VNjA,mgreweriy
684,nrobiouiz@nature.com,xgx7rVqKIypS,tambrogiottiiz
685,mwoolnerj0@vk.com,zm3Ydm9Y,ccruddasj0
686,kruddellj1@jigsy.com,j9TGyeyhR,ocorreaj1
687,okennefickj2@columbia.edu,TgIv4vAtlIgY,hpenswickj2
688,kbalhamj3@arizona.edu,CxuiJrwAvZLQ,aloosemorej3
689,dbirchillj4@opera.com,V97bYF1Icr,jdrewcliftonj4
690,dkilfedderj5@nbcnews.com,Iwk4oq2gnj,fotimonyj5
691,marnefieldj6@pen.io,rHngr56Q,stwelvesj6
692,dfernelyj7@domainmarket.com,hRcaauufB,cbewfieldj7
693,jluckinj8@cmu.edu,xfFErpsu33,kselbiej8
694,amarunchakj9@hc360.com,F6PoTs1KlP6,mdeperoj9
695,kvintja@dedecms.com,zgKBu7J,lprattja
696,jdunlopjb@europa.eu,NqYB5qkIKp,atrusslovejb
697,agurnelljc@omniture.com,2uEz0P43dXAo,asprouljc
698,abruninijd@earthlink.net,EvBYcvfx1pN,dlorenzettojd
699,jabbadoje@berkeley.edu,wqGGx5F,nbreacheje
700,kroseboroughjf@wisc.edu,EBzI2jtucwD,cgilloranjf
701,rklaussenjg@rakuten.co.jp,sANAGUo,gbradbornejg
702,wdowseyjh@walmart.com,UMEh6ZKr,kbriscoejh
703,bweineji@cnn.com,wap6hTj2JF3,chaneyji
704,acharkhamjj@msu.edu,uc7jRT1s,rbartolettijj
705,eosgordbyjk@lycos.com,ukQSTgLk9,bstoffelsjk
706,tcysonjl@wp.com,Io6Csfev2TTt,egreestjl
707,kchittyjm@simplemachines.org,lBR6pUmhuvK,dmeltonjm
708,bgrinvaldsjn@delicious.com,3nSqcIkFk,mfawcittjn
709,pbleymanjo@altervista.org,IaZOmy,blangcastlejo
710,nstrottonjp@businesswire.com,y8WEJ4Ozs,bpaulackjp
711,nregojq@example.com,OyaGaFf9I,gdavidoffjq
712,vbuttejr@surveymonkey.com,LZDA57,mgrishakovjr
713,mtrewhelajs@booking.com,poveBQ9,bjolljs
714,adarreljt@amazon.de,EzNqfNqolU,jwidmoorjt
715,chaileyju@hostgator.com,AWoyI3maWq9C,pmeirju
716,jdudeniejv@webmd.com,Xxq1OAIUX7T,dcamousjv
717,aburrissjw@pen.io,bW8HUzC,cjanskyjw
718,tcankettjx@netvibes.com,r1fzRwT5u5aS,tclearleyjx
719,blealljy@sciencedirect.com,MOfhmltDUe2W,zsteansonjy
720,lhydechambersjz@e-recht24.de,lmEnnNH3VK,ntottmanjz
721,pgeeraertk0@usda.gov,pC4JLgI,salvenk0
722,tgoodredk1@imgur.com,6m1hzmQG,jdashkovk1
723,fsynek2@amazon.com,Jk6fq43,bcornelyk2
724,teusticek3@bing.com,dvnTENj1ANJ,schasemorek3
725,jhallork4@soundcloud.com,1R9WojcG,rbaitsonk4
726,nfeigek5@rambler.ru,jMyoD4wpJh,cmottenk5
727,eworsnipk6@github.com,BMSgaRstBl3,ameehank6
728,bbenetk7@meetup.com,o9CgoSRy7ql,waylesburyk7
729,gcastaignetk8@epa.gov,PfiLyxB1PMO,ckensyk8
730,bklimovk9@bing.com,s19YM8J,nstovek9
731,mcrokerka@example.com,O6sSxQ,abuddingtonka
732,ebroszkiewiczkb@bbb.org,oBrvsJKzJxQ,tlivettkb
733,abeaumontkc@plala.or.jp,Ikq696RWI,rbockhkc
734,rbroszkiewiczkd@answers.com,xCAG9BU6kV,msmithemankd
735,ljoseke@sbwire.com,XmWrVgk,cseeviourke
736,smarchingtonkf@upenn.edu,SVSFdUATlN,hmacmickankf
737,wmatteuccikg@eventbrite.com,IkdpKRT9Iz3X,seagarkg
738,mpuddlekh@boston.com,sDDZEMuQ6,arushkh
739,emacrannellki@bigcartel.com,q8hU6r,medmonsonki
740,vstallionkj@canalblog.com,1ITo610r,flevittkj
741,bpaviskk@blogspot.com,QvVyZq,cpulleykk
742,cpaddickkl@thetimes.co.uk,C8LOpdF,mrohlfingkl
743,lgaukrogerkm@chron.com,xCoh38vgyvE,opleasancekm
744,phanssmannkn@skyrock.com,qebiOUc,dchatteykn
745,ztonryko@parallels.com,Ylscl720,fhemphallko
746,dvurleykp@tinyurl.com,3sp9mlq67,ehuxtonkp
747,erowneykq@addthis.com,Q0fmJw2Pu,eivankovkq
748,mkarolykr@istockphoto.com,NDXiSyVlr11,nhillattkr
749,ieadks@cdc.gov,oeU9FwuClmg,vtandeyks
750,ebutterskt@tripod.com,cgBYQJXweM,dcancellariokt
751,jstrondku@w3.org,2xg4yViPOU,kblaxillku
752,amccullaghkv@buzzfeed.com,AETpUxrN,mlevikv
753,oschuchmacherkw@usgs.gov,gXSk7YQ27Bua,awrotchfordkw
754,nsidgwickkx@addthis.com,RRHfTKw,aweatherhillkx
755,alowndsbroughky@51.la,GNqyoWmhjt,efeakky
756,kyepiskovkz@joomla.org,PXmG5rh,jmcpeakekz
757,jburkilll0@storify.com,fykSnSgTA,jcundeyl0
758,saldersonl1@slashdot.org,9h209GmsqS,jdamatol1
759,levequel2@nature.com,abIGVfj2t3c,dhixsonl2
760,amanharel3@ask.com,Keqj9lmjBoZ,egawkrogel3
761,tmanuelil4@studiopress.com,ick3c0X,hgrugerrl4
762,pmaclurel5@mozilla.org,rCytHs,hchuneyl5
763,dpitcockl6@nyu.edu,exNedu6WQA,igildeal6
764,jwarwickl7@topsy.com,4qxODWyDA,rcaccavalel7
765,jredgravel8@cnn.com,9fkMNsCRL6qJ,vwincerl8
766,hguillotonl9@smh.com.au,siUz15FUI,rpellingl9
767,dspinnacela@soup.io,u2oH6pq,edubberla
768,rbouettelb@paypal.com,SvnyRZbGcCAy,hattyeolb
769,sabelalc@narod.ru,QU46CXxfzk,bastielc
770,cfirsbyld@howstuffworks.com,V1XoXxDqPe,pdockwrayld
771,mpiffle@ocn.ne.jp,p0Hd59hhCIN,hwickrathle
772,sipslylf@goo.gl,1y1p3Y,aoverylf
773,vrebillardlg@examiner.com,CsniYXXZ6IZK,ksmitherhamlg
774,lmcgovernlh@php.net,BAagH6Bum,hwaghornelh
775,tgulvinli@chron.com,SJ6pFUA,athoriusli
776,scoglelj@infoseek.co.jp,JzvY3rtYC,clangstonelj
777,rpenlingtonlk@weebly.com,4zSDJwxqE,ameeslk
778,obanghamll@dailymotion.com,o9pdMMYhrof,spfeifferll
779,cmckewlm@marketwatch.com,zElrGNvVqYy8,jshaplinlm
780,ckilfederln@slate.com,N2rWkSSblS,twinnettln
781,jkinforthlo@army.mil,msQQIIOoe,jminneylo
782,adudeneylp@rambler.ru,FubqoJ,cpedrozzilp
783,rhunnablelq@qq.com,A1eOZlxB,mbeadhamlq
784,mrosencrantzlr@cisco.com,hDz7ygDUyIBP,kwiskarlr
785,clardinerls@tripadvisor.com,ALmDoq5i,binksterls
786,cheislt@deliciousdays.com,4ZifvLa,msawyerlt
787,hcasirolilu@hhs.gov,FtOVS9WMXf,tconroylu
788,ocawtlv@yandex.ru,USrtA6CdeChS,mfitchewlv
789,spresdielw@wired.com,aGJDGX2fTLH,hoakleylw
790,kgertlx@java.com,ivsFMUG7,fsheivelslx
791,lmouginly@indiegogo.com,YmaqJIgkJkp,eraineyly
792,smarranlz@samsung.com,pR0NYGyP,vbubbinslz
793,chedditchm0@ocn.ne.jp,JznCuDWucI,aroylem0
794,ftiddm1@wikispaces.com,DmCWNlAf,anormanvillem1
795,hlaurenzim2@diigo.com,FSE1iIz4u,wliebermannm2
796,cattleem3@free.fr,Qd5QZvfbU,otayloem3
797,bfernyhoughm4@wsj.com,SW9ubTXFH,scoxheadm4
798,tshillumm5@tinyurl.com,x5MXGLsLUtTO,lrobertetm5
799,jpopworthm6@microsoft.com,n9rJq7Qg,rstigersm6
800,dandriolim7@aol.com,fy4LcP5ua8pZ,vmatissoffm7
801,rstollenbeckm8@phpbb.com,u23yelWL08E,mfullem8
802,kbarstockm9@samsung.com,VAqp7dWtjY,bstammersm9
803,fbrayshawma@xrea.com,OmUN0W6nC,gwederellma
804,srubroemb@berkeley.edu,cgnu73Dg,mfortenmb
805,rlowingsmc@eepurl.com,PuabAeLb,dberndtssenmc
806,chollowsmd@google.com.au,llOD2QWBD76,cheaslymd
807,ebidnallme@nymag.com,z7Cdy653Pe5e,cpeterme
808,sgabbatissmf@parallels.com,trTop7,khartzogsmf
809,gmelanaphymg@artisteer.com,3cPLMb8,sgledhallmg
810,bstronoughmh@about.com,AmQJ8Z,bgoathropmh
811,kattwoullmi@tamu.edu,O3MvHrBSnaV,gdightmi
812,ajarrettemj@amazon.co.jp,FhGlKuNZl,rzimmermannsmj
813,gwroathmk@topsy.com,H18sKVEVZ,skindlesidemk
814,afinnanml@aboutads.info,HSUUkoaqu,gblesdillml
815,esimonninmm@mail.ru,tL8VDXhj1a,rmckendomm
816,msodeaumn@theatlantic.com,nJVMHA5R,aalgatemn
817,bashfoldmo@hibu.com,IwGJc7h3j3,brosendorfmo
818,mgrestymp@nationalgeographic.com,6TeOhfydP5,btownesmp
819,glambotinmq@nytimes.com,78RnaV,mcrilleymq
820,mwaskettmr@opera.com,bj4nY9,jmattasermr
821,dlaurentms@dion.ne.jp,B0tGf20TXE,mfranzolims
822,csweetmt@hatena.ne.jp,qH6EpX49tSkS,sfrontczakmt
823,spoyntonmu@ifeng.com,ZkrEVG5c8G6G,rwilkesmu
824,wbueymv@discovery.com,NdbCZZVn8M0,ssorelmv
825,sshardlowmw@hatena.ne.jp,zRLqFE,rsouthonmw
826,agoldsburymx@vistaprint.com,GSKJMq,hhebardmx
827,dsweetenhammy@mediafire.com,WcOEs2olSr,jriepmy
828,lwainmz@bloglovin.com,9m7vdludS84,ldybbemz
829,wralstonn0@seesaa.net,zcpyUvQw,rwhaln0
830,gwestrawn1@wp.com,oMBt60S2sw,rpiquardn1
831,kbootn2@twitter.com,b8k3Ud,edallosson2
832,abourtoumieuxn3@nytimes.com,GzVodvtt,cwicklenn3
833,vmaylern4@yandex.ru,0WWE25,beasonn4
834,cgarmonn5@miibeian.gov.cn,EAWP2Bl,abattlesonn5
835,rpostlethwaiten6@google.com.br,9dd5mQUQtRaM,gspitelln6
836,bshepperdn7@oracle.com,dcLnyU8EaiAs,dhanscombn7
837,sbeauchampn8@stanford.edu,ykTqXO7,tseamarken8
838,wcouragen9@paginegialle.it,KyBmDn,rnecrewsn9
839,cconnellna@soup.io,OO4n6pcNio4,csteedenna
840,rbrasseurnb@wordpress.com,376VPN,cmcgennisnb
841,flukasennc@amazon.de,ReWyfovmI,eluttgernc
842,bkenealynd@marriott.com,KYDeL0ziDM3,ccahernynd
843,rcarinene@europa.eu,8QkRSiH,vhambribene
844,fcarleynf@amazonaws.com,3V4nv2PE,ldibnahnf
845,fbrixhamng@lycos.com,Oy6vCoZP1GRX,npallasng
846,rhellikesnh@bigcartel.com,dwvK8Wx,arubinsohnnh
847,acrowdyni@mtv.com,XTb8uwPxz,seldredgeni
848,jkienzlenj@addthis.com,clYxgad,kfulunnj
849,odunphynk@addtoany.com,nlvETcy,mvlasenkonk
850,lfairtloughnl@e-recht24.de,B9jmEuDJFJ,isonenl
851,kbaudichonnm@psu.edu,wejdpL,jbourchiernm
852,slabuschnn@edublogs.org,A4SmYLH,mbleachernn
853,cmchughno@issuu.com,MIZYrtcmCV,fbownassno
854,ccastelletnp@macromedia.com,bd4KxME,pnajaranp
855,ejeffraynq@storify.com,bLEFVvsn,sclarsonnq
856,gkrolmannr@eventbrite.com,4dfzzzjNYNu,lhaddrillnr
857,jadawayns@slideshare.net,i8jNL5j,tpreedyns
858,rbattaillent@mit.edu,cipcDuaEy,mswindellsnt
859,btreatnu@ezinearticles.com,U7kDESIwozP,cpalfremannu
860,apointingnv@salon.com,3W9sGRAK1D,ffranssennv
861,jkenafaquenw@weibo.com,ptkg9AvMZK,rrushmerenw
862,eclyantnx@mac.com,2CwR7GIMnm,hfonzonx
863,cfrostdickny@japanpost.jp,zLjHBG2IBxFm,tjaimezny
864,oseebertnz@twitter.com,CVkbmkw,maleksichnz
865,avasyunichevo0@weebly.com,CZLfpL,psprouleo0
866,nsuthernso1@plala.or.jp,8x6p9zQUeG,bfoggartyo1
867,mmeffino2@myspace.com,DIYzAfhQ1AV,wyakunino2
868,vgreenseto3@fc2.com,paVoQ5I,rcrimeso3
869,jmatthesiuso4@cbslocal.com,JNBJaT,pfranceschio4
870,kbeglino5@vinaora.com,pypct5GVG,zrubinovo5
871,sstearneso6@vinaora.com,pIxVx5R0CG09,mmanhareo6
872,kwatmoreo7@artisteer.com,DV4sK6KBk,sinchbaldo7
873,ygreatbankso8@1und1.de,9XRVibEFo,mliptrodo8
874,kclappo9@dailymotion.com,ECSHw9vSIsO,tosheeo9
875,hmundeeoa@ow.ly,pEoPKrTzKAng,cmacgibbonoa
876,ywoolseyob@ebay.com,C2JOrc3y,ddyballob
877,acattachoc@artisteer.com,zYnKuHgW7,sdedenhamoc
878,bcutteridgeod@123-reg.co.uk,R7Ghaga,dstebbinod
879,ccalverdoe@reverbnation.com,uMpgfw,ccandelinoe
880,blovstromof@admin.ch,bhbQok8BApD1,bcrummieof
881,cpauluzziog@sciencedaily.com,KRpJIYB7cGt,hmccallionog
882,vocuddieoh@fda.gov,smBQbhwUDir,ctatloweoh
883,crolanceoi@businesswire.com,ZSC7rGe8X9e,nbifordoi
884,dgreatbatchoj@chicagotribune.com,JMTUmN2VIN,jclausenoj
885,banglessok@nhs.uk,qDXAuk8Lj,mmoorcroftok
886,tfooterol@vistaprint.com,YjsluQm6sXs,smattysol
887,mleereom@canalblog.com,vjLQcqfj,cmurrom
888,jtattamon@yellowbook.com,wEHRCExB,jsponderon
889,edurrettoo@chronoengine.com,N045WaA6Gi,hlemanuoo
890,rferneleyop@slideshare.net,uOOxBhFm,mtellenbrookop
891,jlandrickoq@purevolume.com,sda4sTt7,fstormsoq
892,trosensaftor@unicef.org,ghOm6J3j4wr,rtebbetor
893,kbrouweros@ftc.gov,plrykj,hdavidofos
894,cfiskot@google.com.br,oWfjMcHeIDT,syoungsot
895,pgumnou@diigo.com,QpBtHCS,cbairstowou
896,dmiettinenov@seesaa.net,4zVDFz8iOee8,scameratiov
897,eolehaneow@unicef.org,GZm3wMG6kZ,breveleyow
898,cfieldsendox@studiopress.com,oDC3zUb7vQ6y,rbendleox
899,fcrinionoy@princeton.edu,8yYaqH1Y7bzy,pvasnevoy
900,pstratiffoz@webeden.co.uk,GMfOtokuL,greichertoz
901,ugagerp0@360.cn,5oM2LcxwO,eyeilesp0
902,cottonp1@chronoengine.com,iE3eVxFducFA,jferridayp1
903,sleathesp2@scientificamerican.com,Vb5HVYfAfRlw,alarcierp2
904,jcokep3@ihg.com,JCBtP5LiQg0,ftwiggsp3
905,bdeambrosisp4@instagram.com,LfWr8yLETpAY,slehrlep4
906,joverellp5@arstechnica.com,uN3BNW,gstourtonp5
907,avanzonp6@yahoo.com,zY6qfi4tv,amatteap6
908,sarntzenp7@unesco.org,u7jxqjmBkSJW,smaccorkellp7
909,hhendersonp8@bluehost.com,yt3EvAv,hgoadbyp8
910,rtrenemanp9@ucoz.ru,uHVnYl,ctrimmellp9
911,vmegarrellpa@nytimes.com,Zllqb5tzzgzq,hginnellypa
912,rtredgerpb@samsung.com,vsxJ03uRlZkz,demblinpb
913,ggathercoalpc@de.vu,45sSQpN,gwombwellpc
914,jchadwenpd@mail.ru,SrC9uDTHvS,fhawkespd
915,bmatyushonokpe@joomla.org,eDrrzqaRY,llazenburype
916,nwallentinpf@wikipedia.org,6zt2FnLl1,gcuttellpf
917,rlacepg@wp.com,nWRlGq1FqxI,lflecknellpg
918,jivashinph@dmoz.org,sXWDCIp,jtithecottph
919,nowerspi@psu.edu,BYAYoKMe,bhamsherpi
920,cstertepj@nydailynews.com,plg1eDvjV,fphorsbypj
921,mabbesspk@amazon.co.jp,CWpsYSihyxi,cbullockepk
922,cdennettpl@xinhuanet.com,Qti8PlVaZ9DZ,sburnsellpl
923,pphilipsenpm@themeforest.net,Z6ThMsKxIm,mberickpm
924,grunchmanpn@163.com,N7fLzfMRzE5,labarrowpn
925,oferraracciopo@prlog.org,6jod3GAyJg,abredeepo
926,gcarsepp@irs.gov,0Thm4FXVvO3e,ukohringpp
927,edorrepq@dagondesign.com,kC6lCI6lm,tbarrypq
928,bgallaharpr@unc.edu,gmbTaq,fcundpr
929,dchantlerps@spiegel.de,XLXQcGr,fcoytesps
930,bpillingpt@macromedia.com,NprxBXWR,ibuttept
931,bcaslanepu@nature.com,5OiE9TPVtx,pjacobovitchpu
932,tjandourekpv@latimes.com,dojxEGdz,tannettpv
933,amowlingpw@infoseek.co.jp,Ghq8Zq9V4,wtironepw
934,bkertesspx@csmonitor.com,3hQ0Js,rortellspx
935,fstockerpy@hugedomains.com,VqQeDUgiozQ,nnieldpy
936,cmetzkepz@clickbank.net,NZE2z8KbC,rsheerepz
937,ulindholmq0@unc.edu,yDC9GFNJt,mkaasmanq0
938,esennerq1@mashable.com,tpcBR5yx,hsaladineq1
939,gpittoliq2@zdnet.com,OTyE5qngm9,spinnionq2
940,ckinahanq3@wsj.com,8nozUmK,esaterthwaitq3
941,erhucroftq4@reference.com,8G4UaFHV,qschollingq4
942,cescottq5@bing.com,tWjRRTE,cbirwhistleq5
943,cbirchnerq6@webnode.com,fDIljqU,dbardsleyq6
944,qpearmanq7@amazon.co.uk,nMPMYDY3KdY4,rmerveilleq7
945,skubuq8@t.co,bz7Ld23x,balesq8
946,edaethq9@dagondesign.com,9C6fAseW9w3,dtettherq9
947,edrippsqa@weibo.com,iweAcNKhZLlo,bshearerqa
948,karundellqb@exblog.jp,qeitnOe,llethbyqb
949,sspinoqc@sitemeter.com,h7XGHO4,vwilcockqc
950,wmorettoqd@java.com,xkvdXM,jwinkettqd
951,jcrowdqe@wikipedia.org,H9BLo976zW,bgillimghamqe
952,hfawlkesqf@amazon.co.jp,k23CZ0,avanderkruisqf
953,ucolbornqg@independent.co.uk,Z8FdN7SIjt,fguihenqg
954,dkarolyiqh@dion.ne.jp,tcY8El5KjEDr,abeakeqh
955,ptarnqi@smugmug.com,fVwsoLphGaOy,lglederqi
956,afurzeyqj@parallels.com,QkyfXy,tdilksqj
957,lstorrarqk@google.com.hk,FXyUqF6,jcartmaleqk
958,mbarkworthql@imdb.com,4LEhRlwW5G5,coconnorql
959,hwestcottqm@stanford.edu,ArqaFc,jlicasqm
960,fmacyqn@pbs.org,nNBq2i,djaquemeqn
961,tmeffanqo@omniture.com,5eq0dIh,emcilmorowqo
962,taubinqp@state.tx.us,G7hNTpFSwCUQ,dbarrowqp
963,mprogerqq@stumbleupon.com,9Tr4RzaF0,hyoungqq
964,bolmanqr@forbes.com,DdvZuqY15PP,cmcquakerqr
965,csigginqs@moonfruit.com,4GLdTKpim,mstairqs
966,aallchornqt@redcross.org,rdKhZ5La8m,aoakerqt
967,lgeldeardqu@163.com,aZmho0c1uGk,ebergerqu
968,aduddridgeqv@patch.com,Ip6A8a,lsherrocksqv
969,rwooddisseqw@tripadvisor.com,GaC58MW3uwDF,dkeransqw
970,kdowdleqx@opera.com,CzX3uDGgG,acreykeqx
971,zgoldfinchqy@ftc.gov,hO4GrLm,anolliqy
972,mpaginqz@ebay.co.uk,Byq2h23,iborgarsqz
973,vjohnsonr0@abc.net.au,K9ujcbvvzy,cbrookwoodr0
974,klewingtonr1@huffingtonpost.com,5yOnt7,tartonr1
975,jpanimanr2@t-online.de,s1DxCvWHMP,fokendenr2
976,lstenettr3@livejournal.com,MIHXse2r,aconringr3
977,adanaherr4@blogtalkradio.com,ORXgtmaY4z5,afantonettir4
978,egudgenr5@simplemachines.org,Pb3RX0SjLn,klutasr5
979,sbeedellr6@businesswire.com,TIpwXRU,spotierr6
980,atranfieldr7@europa.eu,wbgsbs,nforder7
981,phutcheonr8@ebay.co.uk,9qjhxS7uPn4,lwoodheadr8
982,eramplingr9@diigo.com,jSz9bzDfP7w,gcampeyr9
983,rsaleryra@a8.net,LYNzveww,mbickerstassera
984,gcalveyrb@ftc.gov,gbKmLs0P8,lstaiterb
985,igritsunovrc@ycombinator.com,PEgOH36kIB,mallmanrc
986,cjossrd@europa.eu,RTpwEc47Y5IY,sscurlockrd
987,lshrimptonre@ucla.edu,YvAmLEsUXj,bteazre
988,rroelofsrf@tmall.com,wxIAkTcFu6,adoorerf
989,lshalloerg@godaddy.com,J1NLzdB2C,bmaccrachenrg
990,mcarnellrh@ehow.com,3AtQt83TrFRL,bflaubertrh
991,tbuneyri@tuttocitta.it,GPcSLo5P,cblasoniri
992,ejeanneaurj@constantcontact.com,zePRscTZPksy,erapportrj
993,khandmanrk@smh.com.au,Kx8nTVWU7S,glilerk
994,budellrl@cbsnews.com,rLuZZkdADt,lfonteynerl
995,cwaszkiewiczrm@uol.com.br,oN7x2yZgQD,fallomrm
996,liacovellirn@hc360.com,ATX6i49Tn,somondrn
997,tkarpeevro@shutterfly.com,eFZobOZT,screavenro
998,jshinnerrp@xinhuanet.com,zIhreSs,ebagehotrp
999,spalayrq@google.com.au,eC5uvE,agenikerq
1000,sharnettyrr@psu.edu,R3zJkFVU,reddinsrr
